{"id":1,"la":31.19033,"lo":121.59826,"action":"/img/2.png"}